Дата,Объем_продаж,Цена_за_тонну,Канал_продаж,Сезон,Акции,Регион,Тип_покупателя
2023-02-01,28.3,14180,бот,зима,1,Центральный,опт
2023-02-02,41.6,13972,бот,зима,1,Уральский,розница
2023-02-03,24.5,13528,бот,зима,0,Центральный,розница
2023-02-04,26.5,12083,почта,зима,0,Сибирский,опт
2023-02-05,43.4,12360,почта,зима,0,Уральский,розница
2023-02-06,19.3,14587,почта,зима,1,Сибирский,розница
2023-02-07,48.8,14597,бот,зима,1,Южный,розница
2023-02-08,48.5,13348,бот,зима,0,Южный,опт
2023-02-09,28.1,13458,почта,зима,1,Центральный,розница
2023-02-10,22.7,14623,почта,зима,1,Южный,розница
2023-02-11,16.7,13752,почта,зима,1,Центральный,опт
2023-02-12,44.2,12010,бот,зима,0,Уральский,розница
2023-02-13,8.0,14487,бот,зима,1,Южный,розница
2023-02-14,7.0,13238,почта,зима,0,Сибирский,розница
2023-02-15,33.4,12630,почта,зима,1,Сибирский,розница
2023-02-16,23.8,14002,бот,зима,1,Уральский,опт
2023-02-17,26.9,13186,бот,зима,0,Южный,опт
2023-02-18,43.4,13785,почта,зима,1,Центральный,розница
2023-02-19,37.5,13231,почта,зима,0,Сибирский,опт
2023-02-20,40.4,14698,бот,зима,1,Уральский,опт
2023-02-21,6.8,14559,бот,зима,0,Сибирский,розница
2023-02-22,38.5,13147,бот,зима,1,Уральский,опт
2023-02-23,20.3,14729,бот,зима,1,Южный,опт
2023-02-24,23.3,13421,почта,зима,0,Сибирский,опт
2023-02-25,22.5,13427,бот,зима,1,Сибирский,розница
2023-02-26,15.1,12284,бот,зима,0,Центральный,опт
2023-02-27,31.0,14261,почта,зима,1,Сибирский,опт
2023-02-28,25.2,12628,почта,зима,0,Сибирский,опт
2023-03-01,30.1,13613,бот,весна,0,Уральский,розница
2023-03-02,22.6,13647,бот,весна,0,Уральский,розница
2023-03-03,31.0,12236,почта,весна,0,Уральский,опт
2023-03-04,32.9,12555,почта,весна,0,Сибирский,розница
2023-03-05,34.6,13072,почта,весна,1,Южный,опт
2023-03-06,8.6,13917,бот,весна,1,Уральский,розница
2023-03-07,44.7,12952,почта,весна,1,Южный,опт
2023-03-08,39.6,13530,бот,весна,1,Уральский,розница
2023-03-09,25.2,13202,бот,весна,0,Уральский,розница
2023-03-10,39.1,14599,почта,весна,0,Южный,опт
2023-03-11,27.9,14941,почта,весна,1,Южный,опт
2023-03-12,8.3,13346,бот,весна,0,Уральский,розница
2023-03-13,39.5,13733,почта,весна,1,Уральский,опт
2023-03-14,50.0,13766,бот,весна,0,Южный,опт
2023-03-15,17.8,13204,бот,весна,1,Сибирский,опт
2023-03-16,16.0,12421,бот,весна,1,Уральский,опт
2023-03-17,21.2,13710,бот,весна,1,Сибирский,опт
2023-03-18,43.7,13754,почта,весна,1,Центральный,розница
2023-03-19,20.3,14597,почта,весна,0,Южный,опт
2023-03-20,22.5,12241,бот,весна,1,Уральский,опт
2023-03-21,42.8,13702,бот,весна,0,Южный,розница
2023-03-22,46.3,12817,бот,весна,0,Уральский,розница
2023-03-23,27.2,14604,почта,весна,0,Центральный,опт
2023-03-24,25.4,13370,почта,весна,0,Уральский,опт
2023-03-25,9.1,12320,бот,весна,1,Южный,опт
2023-03-26,27.7,14222,бот,весна,1,Сибирский,опт
2023-03-27,47.7,13294,почта,весна,1,Центральный,розница
2023-03-28,39.0,13823,почта,весна,0,Центральный,розница
2023-03-29,13.6,14157,бот,весна,1,Сибирский,опт
2023-03-30,26.6,14800,почта,весна,0,Центральный,опт
2023-03-31,39.7,13802,бот,весна,0,Центральный,розница
2023-04-01,9.4,12192,бот,весна,0,Южный,опт
2023-04-02,5.7,14174,почта,весна,0,Уральский,розница
2023-04-03,6.1,13254,бот,весна,0,Уральский,розница
2023-04-04,33.0,12117,бот,весна,1,Уральский,розница
2023-04-05,26.9,14614,бот,весна,1,Центральный,опт
2023-04-06,45.5,12935,бот,весна,0,Сибирский,опт
2023-04-07,31.9,13424,почта,весна,0,Центральный,опт
2023-04-08,8.0,12283,почта,весна,1,Южный,опт
2023-04-09,16.3,14316,почта,весна,0,Южный,опт
2023-04-10,24.3,14723,почта,весна,0,Центральный,розница
2023-04-11,12.5,12677,почта,весна,0,Южный,опт
2023-04-12,47.5,14854,бот,весна,1,Сибирский,розница
2023-04-13,29.4,14231,бот,весна,1,Южный,розница
2023-04-14,33.4,13166,бот,весна,0,Центральный,розница
2023-04-15,6.1,13086,бот,весна,1,Сибирский,розница
2023-04-16,37.6,13136,бот,весна,0,Южный,опт
2023-04-17,6.3,14418,бот,весна,0,Сибирский,розница
2023-04-18,34.7,13365,бот,весна,0,Уральский,розница
2023-04-19,40.7,13955,бот,весна,0,Южный,розница
2023-04-20,17.7,14984,почта,весна,1,Сибирский,опт
2023-04-21,8.6,12233,почта,весна,1,Южный,опт
2023-04-22,10.6,13934,почта,весна,0,Южный,розница
2023-04-23,12.0,14885,бот,весна,0,Южный,опт
2023-04-24,10.3,14237,почта,весна,1,Южный,опт
2023-04-25,41.5,14204,почта,весна,1,Сибирский,опт
2023-04-26,21.1,14488,бот,весна,0,Центральный,розница
2023-04-27,46.5,12783,бот,весна,0,Центральный,опт
2023-04-28,6.4,12832,почта,весна,0,Южный,опт
2023-04-29,17.1,12693,почта,весна,0,Уральский,розница
2023-04-30,8.1,14079,почта,весна,1,Сибирский,розница
2023-05-01,28.1,13080,бот,весна,1,Центральный,опт
2023-05-02,12.3,14607,бот,весна,0,Южный,розница
2023-05-03,32.4,13476,почта,весна,0,Уральский,розница
2023-05-04,33.8,13842,почта,весна,0,Уральский,розница
2023-05-05,9.1,14276,бот,весна,0,Уральский,опт
2023-05-06,20.7,14224,почта,весна,1,Южный,опт
2023-05-07,32.6,12118,бот,весна,0,Сибирский,опт
2023-05-08,31.1,14737,почта,весна,1,Сибирский,опт
2023-05-09,47.2,13145,бот,весна,0,Южный,розница
2023-05-10,11.2,14148,бот,весна,1,Центральный,розница
2023-05-11,45.9,14013,почта,весна,0,Центральный,розница
2023-05-12,49.9,14104,почта,весна,1,Центральный,розница
2023-05-13,13.3,12121,бот,весна,1,Уральский,розница
2023-05-14,41.1,14549,почта,весна,0,Уральский,опт
2023-05-15,14.1,13719,почта,весна,1,Южный,опт
2023-05-16,33.5,12859,бот,весна,1,Сибирский,розница
2023-05-17,42.2,14489,почта,весна,1,Южный,опт
2023-05-18,21.9,14763,бот,весна,1,Уральский,розница
2023-05-19,35.5,13586,почта,весна,1,Уральский,опт
2023-05-20,16.8,12607,бот,весна,1,Центральный,розница
2023-05-21,18.5,12960,почта,весна,1,Сибирский,опт
2023-05-22,19.2,12303,бот,весна,1,Уральский,розница
2023-05-23,31.2,13155,почта,весна,0,Южный,розница
2023-05-24,35.3,14469,почта,весна,0,Уральский,опт
2023-05-25,31.7,14073,почта,весна,0,Уральский,опт
2023-05-26,11.7,12185,бот,весна,1,Уральский,опт
2023-05-27,46.1,12368,бот,весна,1,Центральный,опт
2023-05-28,7.6,12607,бот,весна,1,Сибирский,опт
2023-05-29,36.6,12954,почта,весна,0,Уральский,розница
2023-05-30,19.2,13816,бот,весна,1,Центральный,опт
2023-05-31,14.2,13768,бот,весна,1,Сибирский,опт
2023-06-01,46.2,14744,почта,лето,1,Южный,опт
2023-06-02,42.9,14971,почта,лето,1,Южный,розница
2023-06-03,17.7,14650,почта,лето,0,Сибирский,опт
2023-06-04,44.2,14450,бот,лето,1,Уральский,розница
2023-06-05,47.0,12852,почта,лето,1,Центральный,опт
2023-06-06,10.1,12663,почта,лето,0,Уральский,опт
2023-06-07,16.9,13506,бот,лето,1,Уральский,розница
2023-06-08,41.5,14654,почта,лето,1,Центральный,розница
2023-06-09,11.0,12766,бот,лето,1,Южный,розница
2023-06-10,11.0,14136,бот,лето,1,Уральский,розница
2023-06-11,23.9,13442,бот,лето,0,Центральный,опт
2023-06-12,14.8,12069,почта,лето,0,Центральный,опт
2023-06-13,16.3,14229,почта,лето,0,Центральный,опт
2023-06-14,19.2,12504,бот,лето,1,Центральный,опт
2023-06-15,44.5,12358,почта,лето,1,Южный,опт
2023-06-16,45.5,12815,бот,лето,1,Уральский,розница
2023-06-17,29.9,13429,бот,лето,0,Уральский,опт
2023-06-18,20.6,12072,бот,лето,0,Южный,опт
2023-06-19,11.4,14736,почта,лето,0,Уральский,опт
2023-06-20,18.5,12883,почта,лето,1,Сибирский,опт
2023-06-21,13.4,12239,бот,лето,0,Уральский,розница
2023-06-22,17.5,13562,бот,лето,1,Уральский,опт
2023-06-23,36.2,12019,бот,лето,1,Южный,опт
2023-06-24,36.6,14190,бот,лето,1,Центральный,розница
2023-06-25,13.1,14271,бот,лето,1,Уральский,опт
2023-06-26,48.8,13505,бот,лето,0,Сибирский,опт
2023-06-27,16.9,14428,почта,лето,1,Центральный,опт
2023-06-28,45.3,13836,почта,лето,1,Центральный,розница
2023-06-29,17.6,13937,бот,лето,0,Центральный,розница
2023-06-30,36.8,13038,почта,лето,1,Южный,опт
2023-07-01,38.6,14953,почта,лето,1,Южный,опт
2023-07-02,9.8,14041,бот,лето,1,Южный,опт
2023-07-03,25.2,12503,почта,лето,0,Южный,опт
2023-07-04,8.0,14225,почта,лето,1,Центральный,опт
2023-07-05,48.9,13544,почта,лето,1,Уральский,опт
2023-07-06,49.0,14196,бот,лето,0,Центральный,розница
2023-07-07,12.6,14906,почта,лето,1,Сибирский,розница
2023-07-08,12.2,13613,бот,лето,0,Сибирский,опт
2023-07-09,22.0,12933,бот,лето,1,Южный,опт
2023-07-10,43.0,14612,почта,лето,0,Южный,опт
2023-07-11,42.1,12186,бот,лето,1,Южный,розница
2023-07-12,44.8,13975,почта,лето,0,Южный,розница
2023-07-13,25.4,13017,бот,лето,0,Уральский,опт
2023-07-14,7.3,12606,бот,лето,0,Центральный,опт
2023-07-15,47.6,13558,бот,лето,0,Сибирский,опт
2023-07-16,16.3,14062,бот,лето,0,Центральный,розница
2023-07-17,9.5,13963,почта,лето,1,Сибирский,розница
2023-07-18,48.9,13910,почта,лето,0,Центральный,розница
2023-07-19,28.3,12989,бот,лето,0,Уральский,розница
2023-07-20,41.7,13048,почта,лето,1,Южный,розница
2023-07-21,50.0,13980,бот,лето,1,Центральный,розница
2023-07-22,39.2,14235,почта,лето,1,Сибирский,розница
2023-07-23,49.3,13143,бот,лето,0,Центральный,розница
2023-07-24,39.1,14780,почта,лето,0,Уральский,розница
2023-07-25,49.8,13046,бот,лето,1,Уральский,розница
2023-07-26,46.2,13415,бот,лето,0,Центральный,опт
2023-07-27,42.9,12434,бот,лето,1,Южный,розница
2023-07-28,28.3,14241,бот,лето,1,Южный,опт
2023-07-29,40.0,13560,бот,лето,0,Южный,опт
2023-07-30,37.8,13603,почта,лето,1,Уральский,розница
2023-07-31,10.6,14928,бот,лето,0,Сибирский,опт
2023-08-01,19.1,13238,бот,лето,1,Центральный,розница
2023-08-02,49.8,12463,бот,лето,0,Уральский,опт
2023-08-03,19.1,13686,бот,лето,0,Центральный,розница
2023-08-04,13.8,12033,почта,лето,0,Сибирский,розница
2023-08-05,20.7,14420,почта,лето,0,Уральский,опт
2023-08-06,32.8,12394,почта,лето,0,Сибирский,розница
2023-08-07,45.0,14103,почта,лето,0,Центральный,розница
2023-08-08,37.5,14563,бот,лето,1,Южный,розница
2023-08-09,34.1,12016,почта,лето,0,Южный,розница
2023-08-10,23.3,13733,почта,лето,1,Сибирский,розница
2023-08-11,41.9,13702,бот,лето,0,Сибирский,опт
2023-08-12,33.7,12705,почта,лето,0,Сибирский,опт
2023-08-13,42.2,13804,бот,лето,1,Южный,опт
2023-08-14,8.4,13363,бот,лето,0,Центральный,розница
2023-08-15,30.4,14054,бот,лето,0,Сибирский,розница
2023-08-16,28.7,13954,бот,лето,0,Южный,розница
2023-08-17,13.8,14904,почта,лето,1,Уральский,розница
2023-08-18,34.1,12070,бот,лето,0,Центральный,опт
2023-08-19,32.8,14346,бот,лето,0,Сибирский,опт
2023-08-20,12.3,12794,почта,лето,1,Южный,опт
2023-08-21,32.6,12187,бот,лето,1,Центральный,опт
2023-08-22,43.2,12384,бот,лето,0,Центральный,опт
2023-08-23,20.9,13947,почта,лето,0,Уральский,опт
2023-08-24,17.2,13224,почта,лето,0,Южный,розница
2023-08-25,45.5,13064,почта,лето,1,Центральный,опт
2023-08-26,19.5,12711,почта,лето,1,Сибирский,розница
2023-08-27,31.2,14412,бот,лето,0,Уральский,опт
2023-08-28,47.2,13788,почта,лето,1,Центральный,опт
2023-08-29,45.5,12748,почта,лето,0,Центральный,розница
2023-08-30,39.7,13406,почта,лето,0,Центральный,розница
2023-08-31,44.4,13424,почта,лето,1,Уральский,опт
2023-09-01,10.1,14710,бот,осень,1,Уральский,опт
2023-09-02,42.2,12336,почта,осень,0,Уральский,розница
2023-09-03,13.2,13421,бот,осень,0,Южный,розница
2023-09-04,25.5,14301,почта,осень,0,Уральский,опт
2023-09-05,37.2,13835,бот,осень,1,Уральский,опт
2023-09-06,14.6,14669,почта,осень,0,Уральский,розница
2023-09-07,19.3,14495,почта,осень,0,Уральский,розница
2023-09-08,39.3,14139,почта,осень,1,Центральный,опт
2023-09-09,25.9,12720,почта,осень,0,Уральский,розница
2023-09-10,46.8,12362,почта,осень,1,Уральский,розница
2023-09-11,5.7,13363,почта,осень,0,Центральный,розница
2023-09-12,46.5,14522,бот,осень,0,Южный,розница
2023-09-13,31.4,12197,бот,осень,0,Южный,опт
2023-09-14,32.0,13201,почта,осень,1,Сибирский,розница
2023-09-15,25.5,14235,почта,осень,0,Южный,опт
2023-09-16,9.2,13821,почта,осень,0,Центральный,розница
2023-09-17,31.2,13917,бот,осень,1,Сибирский,опт
2023-09-18,17.3,12648,бот,осень,0,Уральский,розница
2023-09-19,13.3,14323,почта,осень,1,Сибирский,опт
2023-09-20,37.3,13016,почта,осень,1,Центральный,розница
2023-09-21,39.3,13143,бот,осень,0,Южный,розница
2023-09-22,37.3,13719,почта,осень,1,Южный,розница
2023-09-23,16.0,14670,бот,осень,0,Уральский,опт
2023-09-24,9.3,14496,бот,осень,1,Уральский,опт
2023-09-25,17.6,13335,бот,осень,1,Центральный,опт
2023-09-26,33.4,12157,почта,осень,0,Уральский,опт
2023-09-27,16.4,13342,бот,осень,0,Сибирский,розница
2023-09-28,44.7,12717,почта,осень,0,Южный,розница
2023-09-29,5.9,12773,бот,осень,1,Южный,опт
2023-09-30,16.9,14634,почта,осень,0,Центральный,опт
2023-10-01,27.0,14886,почта,осень,0,Центральный,опт
2023-10-02,26.4,13887,бот,осень,0,Уральский,опт
2023-10-03,6.7,12175,почта,осень,0,Сибирский,розница
2023-10-04,34.9,13666,бот,осень,0,Центральный,розница
2023-10-05,37.8,14492,почта,осень,1,Сибирский,розница
2023-10-06,23.0,12536,бот,осень,1,Центральный,опт
2023-10-07,30.1,14717,бот,осень,0,Уральский,опт
2023-10-08,26.4,14325,почта,осень,1,Сибирский,опт
2023-10-09,5.3,14945,почта,осень,0,Южный,опт
2023-10-10,14.7,13290,почта,осень,0,Южный,розница
2023-10-11,10.1,13216,бот,осень,1,Уральский,розница
2023-10-12,30.0,12438,почта,осень,0,Южный,розница
2023-10-13,48.9,14863,бот,осень,1,Уральский,опт
2023-10-14,26.4,12985,бот,осень,1,Южный,опт
2023-10-15,15.1,13950,почта,осень,0,Уральский,розница
2023-10-16,10.9,14303,бот,осень,0,Южный,опт
2023-10-17,27.0,14250,почта,осень,0,Центральный,розница
2023-10-18,15.0,14755,бот,осень,1,Центральный,розница
2023-10-19,9.0,13836,бот,осень,1,Центральный,розница
2023-10-20,30.9,12855,бот,осень,1,Центральный,розница
2023-10-21,46.0,12219,почта,осень,1,Центральный,опт
2023-10-22,42.6,14147,бот,осень,0,Уральский,розница
2023-10-23,30.6,12186,бот,осень,0,Центральный,опт
2023-10-24,32.4,12240,бот,осень,0,Южный,опт
2023-10-25,34.8,14494,бот,осень,1,Южный,опт
2023-10-26,11.6,12269,бот,осень,0,Центральный,розница
2023-10-27,14.9,12216,почта,осень,0,Южный,розница
2023-10-28,27.1,12598,бот,осень,0,Сибирский,розница
2023-10-29,38.9,13058,почта,осень,0,Уральский,опт
2023-10-30,48.8,13864,бот,осень,1,Южный,опт
2023-10-31,44.9,12262,бот,осень,0,Центральный,опт
2023-11-01,36.4,14280,бот,осень,1,Уральский,опт
2023-11-02,34.3,12329,почта,осень,0,Южный,розница
2023-11-03,11.9,12468,почта,осень,0,Сибирский,розница
2023-11-04,18.1,12106,почта,осень,1,Уральский,розница
2023-11-05,49.4,12480,бот,осень,0,Уральский,опт
2023-11-06,44.6,13130,бот,осень,0,Уральский,опт
2023-11-07,18.2,14099,бот,осень,1,Уральский,опт
2023-11-08,14.5,14163,почта,осень,0,Сибирский,розница
2023-11-09,27.7,14868,почта,осень,1,Сибирский,розница
2023-11-10,48.2,14811,бот,осень,0,Южный,розница
2023-11-11,47.0,12670,бот,осень,1,Уральский,розница
2023-11-12,37.2,12082,бот,осень,0,Сибирский,опт
2023-11-13,40.1,14996,бот,осень,0,Сибирский,розница
2023-11-14,27.3,12302,бот,осень,1,Уральский,опт
2023-11-15,31.3,12916,бот,осень,0,Южный,опт
2023-11-16,20.2,12198,бот,осень,0,Уральский,опт
2023-11-17,37.9,14916,почта,осень,0,Сибирский,розница
2023-11-18,37.9,12389,почта,осень,1,Сибирский,розница
2023-11-19,21.0,14566,бот,осень,1,Центральный,опт
2023-11-20,22.1,12561,почта,осень,0,Южный,опт
2023-11-21,25.7,14451,бот,осень,1,Центральный,опт
2023-11-22,45.2,13635,бот,осень,0,Центральный,опт
2023-11-23,32.3,14177,бот,осень,1,Центральный,опт
2023-11-24,19.2,13930,бот,осень,1,Уральский,розница
2023-11-25,32.8,12736,бот,осень,0,Центральный,опт
2023-11-26,31.0,13404,бот,осень,0,Уральский,розница
2023-11-27,12.2,13925,почта,осень,1,Сибирский,опт
2023-11-28,42.0,12682,бот,осень,1,Сибирский,опт
2023-11-29,11.3,12327,бот,осень,0,Центральный,розница
2023-11-30,34.6,13156,почта,осень,1,Уральский,опт
2023-12-01,31.6,14269,почта,зима,1,Сибирский,опт
2023-12-02,29.4,13628,бот,зима,0,Уральский,опт
2023-12-03,34.3,13529,почта,зима,0,Центральный,опт
2023-12-04,33.7,14964,почта,зима,1,Уральский,розница
2023-12-05,22.4,13394,почта,зима,0,Уральский,опт
2023-12-06,29.3,12876,бот,зима,1,Сибирский,розница
2023-12-07,28.7,13276,бот,зима,0,Южный,опт
2023-12-08,19.6,13701,почта,зима,1,Южный,опт
2023-12-09,19.6,13971,почта,зима,1,Уральский,опт
2023-12-10,34.4,14629,почта,зима,1,Южный,опт
2023-12-11,43.6,12921,бот,зима,1,Южный,опт
2023-12-12,6.2,14916,бот,зима,1,Центральный,опт
2023-12-13,38.4,12957,почта,зима,1,Южный,розница
2023-12-14,27.5,13753,почта,зима,1,Центральный,розница
2023-12-15,35.5,12606,бот,зима,0,Центральный,опт
2023-12-16,23.0,12647,бот,зима,1,Центральный,розница
2023-12-17,38.2,12792,бот,зима,1,Центральный,опт
2023-12-18,37.4,12664,бот,зима,0,Центральный,розница
2023-12-19,26.6,12116,почта,зима,1,Уральский,опт
2023-12-20,34.1,13781,бот,зима,0,Сибирский,опт
2023-12-21,20.2,12308,почта,зима,1,Центральный,розница
2023-12-22,32.8,13535,почта,зима,1,Сибирский,розница
2023-12-23,44.9,13599,бот,зима,1,Сибирский,опт
2023-12-24,47.4,12922,почта,зима,1,Южный,розница
2023-12-25,39.4,13024,бот,зима,0,Южный,розница
2023-12-26,30.7,13204,почта,зима,0,Сибирский,опт
2023-12-27,17.5,12000,бот,зима,1,Уральский,опт
2023-12-28,29.2,12293,бот,зима,1,Уральский,розница
2023-12-29,26.0,13922,почта,зима,0,Уральский,опт
2023-12-30,27.1,14043,бот,зима,0,Центральный,опт
2023-12-31,41.4,12732,почта,зима,0,Сибирский,розница
2024-01-01,20.5,12766,почта,зима,1,Уральский,розница
2024-01-02,10.2,14035,бот,зима,1,Сибирский,розница
2024-01-03,19.1,14558,почта,зима,0,Сибирский,опт
2024-01-04,6.2,14332,почта,зима,1,Сибирский,опт
2024-01-05,19.7,12814,почта,зима,1,Южный,розница
2024-01-06,12.7,13218,почта,зима,1,Сибирский,розница
2024-01-07,36.7,13067,почта,зима,1,Уральский,розница
2024-01-08,34.3,14319,бот,зима,0,Южный,опт
2024-01-09,28.7,12977,бот,зима,1,Южный,опт
2024-01-10,18.4,12223,бот,зима,1,Уральский,опт
2024-01-11,41.8,14034,почта,зима,0,Сибирский,розница
2024-01-12,13.0,12663,почта,зима,1,Сибирский,опт
2024-01-13,22.8,14305,бот,зима,0,Южный,опт
2024-01-14,44.6,14628,бот,зима,1,Сибирский,опт
2024-01-15,41.8,13974,бот,зима,1,Уральский,опт
2024-01-16,15.3,14797,бот,зима,0,Центральный,опт
2024-01-17,12.7,13723,бот,зима,1,Сибирский,опт
2024-01-18,26.5,12114,бот,зима,1,Южный,розница
2024-01-19,47.4,14205,почта,зима,0,Уральский,розница
2024-01-20,22.1,12317,бот,зима,1,Центральный,опт
2024-01-21,33.3,13549,почта,зима,1,Уральский,опт
2024-01-22,41.2,13151,почта,зима,0,Южный,опт
2024-01-23,33.8,12032,бот,зима,0,Сибирский,опт
2024-01-24,48.4,12424,бот,зима,0,Центральный,розница
2024-01-25,10.6,14240,почта,зима,1,Сибирский,опт
2024-01-26,48.4,14873,бот,зима,1,Центральный,розница
2024-01-27,33.8,12801,бот,зима,1,Уральский,розница
2024-01-28,30.0,14263,почта,зима,1,Южный,розница
2024-01-29,16.1,14127,бот,зима,1,Центральный,опт
2024-01-30,43.4,13316,бот,зима,1,Южный,опт
2024-01-31,21.2,14722,бот,зима,0,Южный,розница
2024-02-01,5.3,14255,почта,зима,0,Уральский,розница
2024-02-02,26.8,14785,почта,зима,1,Уральский,опт
2024-02-03,7.0,12090,почта,зима,1,Сибирский,опт
2024-02-04,6.2,14213,бот,зима,0,Южный,опт
2024-02-05,13.7,12515,почта,зима,1,Южный,опт
2024-02-06,28.5,14162,почта,зима,0,Уральский,опт
2024-02-07,18.4,14467,бот,зима,0,Сибирский,опт
2024-02-08,24.1,13519,почта,зима,0,Центральный,розница
2024-02-09,18.2,14952,почта,зима,0,Уральский,опт
2024-02-10,46.5,12228,почта,зима,1,Южный,опт
2024-02-11,39.2,12368,почта,зима,1,Южный,опт
2024-02-12,7.9,13476,бот,зима,1,Центральный,розница
2024-02-13,8.9,14653,почта,зима,1,Сибирский,опт
2024-02-14,32.8,13937,почта,зима,1,Сибирский,розница
2024-02-15,33.9,13739,бот,зима,0,Центральный,розница
2024-02-16,42.6,14578,бот,зима,1,Южный,розница
2024-02-17,18.3,12596,бот,зима,0,Сибирский,опт
2024-02-18,37.9,14309,почта,зима,0,Южный,розница
2024-02-19,39.2,12277,почта,зима,0,Уральский,розница
2024-02-20,13.9,12709,почта,зима,0,Южный,розница
2024-02-21,43.7,14391,бот,зима,0,Центральный,опт
2024-02-22,13.7,12890,бот,зима,1,Центральный,розница
2024-02-23,48.7,14591,бот,зима,0,Южный,розница
2024-02-24,48.6,13643,почта,зима,1,Уральский,опт
2024-02-25,33.9,13588,почта,зима,1,Центральный,розница
2024-02-26,8.1,14881,бот,зима,0,Южный,розница
2024-02-27,46.5,14169,почта,зима,0,Центральный,опт
2024-02-28,13.6,12493,бот,зима,0,Уральский,опт
2024-02-29,35.8,12750,почта,зима,0,Сибирский,опт
2024-03-01,11.3,12992,почта,весна,0,Центральный,розница
2024-03-02,29.3,13543,почта,весна,1,Южный,розница
2024-03-03,19.7,13530,бот,весна,1,Сибирский,опт
2024-03-04,38.4,14730,почта,весна,1,Сибирский,розница
2024-03-05,15.7,14167,бот,весна,1,Южный,опт
2024-03-06,47.3,12251,почта,весна,0,Центральный,опт
2024-03-07,31.8,12414,бот,весна,0,Сибирский,опт
2024-03-08,27.8,12199,бот,весна,0,Уральский,опт
2024-03-09,34.0,14446,бот,весна,0,Центральный,опт
2024-03-10,7.8,13659,почта,весна,1,Южный,розница
2024-03-11,47.1,13253,почта,весна,1,Центральный,розница
2024-03-12,43.2,14603,почта,весна,0,Уральский,опт
2024-03-13,20.7,14308,бот,весна,0,Центральный,опт
2024-03-14,15.1,12308,почта,весна,1,Южный,розница
2024-03-15,47.7,13726,почта,весна,1,Центральный,опт
2024-03-16,15.3,14991,почта,весна,1,Уральский,розница
2024-03-17,33.9,14754,бот,весна,1,Сибирский,розница
2024-03-18,49.0,12616,почта,весна,0,Уральский,опт
2024-03-19,45.6,14854,почта,весна,1,Центральный,опт
2024-03-20,26.3,14464,бот,весна,0,Южный,розница
2024-03-21,19.7,14299,бот,весна,0,Центральный,опт
2024-03-22,7.1,12977,почта,весна,0,Центральный,опт
2024-03-23,15.4,12354,почта,весна,0,Уральский,розница
2024-03-24,42.4,14326,бот,весна,1,Сибирский,розница
2024-03-25,25.6,14985,почта,весна,1,Сибирский,розница
2024-03-26,5.4,14085,бот,весна,0,Центральный,розница
2024-03-27,23.7,14891,почта,весна,1,Сибирский,розница
2024-03-28,32.3,12297,почта,весна,0,Сибирский,опт
2024-03-29,12.0,12666,бот,весна,0,Уральский,розница
2024-03-30,11.3,13871,почта,весна,0,Сибирский,опт
2024-03-31,43.4,12620,бот,весна,1,Уральский,опт
2024-04-01,24.9,13443,почта,весна,0,Южный,опт
2024-04-02,14.4,14113,бот,весна,1,Уральский,розница
2024-04-03,27.6,14440,почта,весна,0,Сибирский,розница
2024-04-04,48.1,14280,почта,весна,0,Уральский,опт
2024-04-05,42.2,13377,бот,весна,1,Южный,розница
2024-04-06,25.3,14378,почта,весна,1,Уральский,розница
2024-04-07,23.3,13253,бот,весна,0,Уральский,опт
2024-04-08,46.2,12225,бот,весна,1,Центральный,розница
2024-04-09,22.1,12902,бот,весна,1,Центральный,розница
2024-04-10,21.8,14545,бот,весна,0,Сибирский,розница
2024-04-11,30.2,13759,бот,весна,1,Уральский,опт
2024-04-12,23.5,14397,почта,весна,0,Уральский,розница
2024-04-13,6.7,13889,почта,весна,1,Сибирский,опт
2024-04-14,29.0,13906,бот,весна,0,Уральский,опт
2024-04-15,14.1,14221,почта,весна,1,Центральный,розница
2024-04-16,17.8,14931,почта,весна,1,Уральский,опт
2024-04-17,33.0,14128,почта,весна,1,Сибирский,опт
2024-04-18,7.4,14432,почта,весна,1,Центральный,розница
2024-04-19,39.2,14363,почта,весна,0,Южный,опт
2024-04-20,22.7,14198,почта,весна,1,Центральный,розница
2024-04-21,19.2,13896,бот,весна,1,Южный,опт
2024-04-22,20.7,14995,бот,весна,0,Уральский,опт
2024-04-23,8.9,14218,бот,весна,0,Сибирский,опт
2024-04-24,22.0,13947,почта,весна,0,Центральный,розница
2024-04-25,41.7,13668,бот,весна,1,Южный,опт
2024-04-26,11.9,12834,почта,весна,0,Центральный,опт
2024-04-27,24.4,13167,почта,весна,0,Центральный,опт
2024-04-28,10.1,14824,бот,весна,1,Южный,розница
2024-04-29,17.6,14643,почта,весна,1,Центральный,опт
2024-04-30,17.6,12626,почта,весна,0,Южный,розница
2024-05-01,13.2,14899,бот,весна,1,Уральский,розница
2024-05-02,9.7,12368,бот,весна,1,Сибирский,розница
2024-05-03,10.2,14146,почта,весна,0,Уральский,розница
2024-05-04,20.8,13608,почта,весна,0,Уральский,розница
2024-05-05,21.0,14227,бот,весна,0,Южный,опт
2024-05-06,34.9,12996,почта,весна,1,Центральный,опт
2024-05-07,41.2,12951,бот,весна,0,Сибирский,опт
2024-05-08,8.9,14233,бот,весна,1,Центральный,розница
2024-05-09,7.1,13595,почта,весна,0,Южный,опт
2024-05-10,14.6,13197,бот,весна,0,Центральный,розница
2024-05-11,36.8,12281,почта,весна,1,Центральный,розница
2024-05-12,40.4,13598,почта,весна,0,Центральный,розница
2024-05-13,36.2,13016,почта,весна,1,Центральный,опт
2024-05-14,5.7,12925,бот,весна,1,Уральский,розница
2024-05-15,11.3,12545,бот,весна,1,Уральский,опт
2024-05-16,40.7,12069,бот,весна,0,Уральский,розница
2024-05-17,39.6,14947,бот,весна,0,Сибирский,опт
2024-05-18,12.0,12432,бот,весна,1,Сибирский,опт
2024-05-19,31.4,13204,бот,весна,0,Центральный,розница
2024-05-20,44.9,14329,почта,весна,1,Уральский,опт
2024-05-21,33.2,12947,бот,весна,1,Уральский,опт
2024-05-22,37.9,14324,почта,весна,1,Сибирский,опт
2024-05-23,17.2,13133,почта,весна,1,Южный,розница
2024-05-24,48.4,12788,бот,весна,1,Сибирский,розница
2024-05-25,31.8,12319,бот,весна,1,Уральский,розница
2024-05-26,30.7,13118,почта,весна,1,Центральный,опт
2024-05-27,15.7,13227,бот,весна,0,Уральский,опт
2024-05-28,40.7,14033,бот,весна,0,Сибирский,опт
2024-05-29,15.3,14734,почта,весна,1,Уральский,розница
2024-05-30,41.9,12953,бот,весна,0,Южный,розница
2024-05-31,10.3,12826,почта,весна,0,Южный,опт
2024-06-01,20.3,14168,почта,лето,1,Уральский,розница
2024-06-02,45.7,13166,почта,лето,0,Уральский,розница
2024-06-03,10.2,13659,почта,лето,0,Центральный,опт
2024-06-04,28.5,12198,почта,лето,1,Уральский,опт
2024-06-05,33.1,13753,бот,лето,1,Уральский,опт
2024-06-06,9.6,12642,почта,лето,0,Южный,розница
2024-06-07,35.5,14368,почта,лето,0,Южный,опт
2024-06-08,27.3,13057,почта,лето,0,Сибирский,опт
2024-06-09,49.4,12922,почта,лето,0,Центральный,розница
2024-06-10,36.1,12708,бот,лето,1,Центральный,розница
2024-06-11,45.1,13622,почта,лето,1,Сибирский,розница
2024-06-12,24.5,12111,почта,лето,1,Сибирский,опт
2024-06-13,23.9,12278,бот,лето,1,Южный,розница
2024-06-14,10.1,14299,бот,лето,1,Уральский,опт
2024-06-15,36.9,13639,почта,лето,1,Центральный,розница
2024-06-16,25.7,12435,почта,лето,1,Уральский,розница
2024-06-17,48.7,14759,почта,лето,1,Сибирский,розница
2024-06-18,48.8,13937,бот,лето,1,Центральный,розница
2024-06-19,7.5,12113,бот,лето,0,Центральный,опт
2024-06-20,11.6,12231,бот,лето,1,Центральный,опт
2024-06-21,42.8,12709,почта,лето,0,Уральский,опт
2024-06-22,45.8,14915,почта,лето,1,Сибирский,опт
2024-06-23,23.0,12751,бот,лето,0,Уральский,розница
2024-06-24,15.5,12801,бот,лето,0,Южный,опт
2024-06-25,45.0,12597,почта,лето,0,Центральный,розница
2024-06-26,26.2,12594,почта,лето,0,Южный,опт
2024-06-27,39.2,12929,почта,лето,0,Сибирский,розница
2024-06-28,20.6,14766,бот,лето,0,Уральский,опт
2024-06-29,23.5,13146,почта,лето,1,Южный,опт
2024-06-30,39.7,12486,почта,лето,0,Южный,розница
2024-07-01,6.3,12755,почта,лето,0,Южный,опт
2024-07-02,47.8,13353,почта,лето,0,Южный,розница
2024-07-03,29.4,12821,бот,лето,1,Центральный,опт
2024-07-04,7.5,14941,бот,лето,0,Южный,опт
2024-07-05,16.2,12456,бот,лето,0,Центральный,опт
2024-07-06,49.4,12033,бот,лето,1,Сибирский,опт
2024-07-07,28.7,14201,почта,лето,0,Уральский,розница
2024-07-08,34.0,14790,почта,лето,0,Южный,розница
2024-07-09,26.3,13023,почта,лето,0,Уральский,опт
2024-07-10,40.0,14766,почта,лето,1,Сибирский,розница
2024-07-11,8.6,13879,бот,лето,1,Южный,розница
2024-07-12,46.7,13203,почта,лето,1,Сибирский,опт
2024-07-13,21.8,12440,почта,лето,0,Центральный,опт
2024-07-14,37.8,14241,бот,лето,0,Центральный,опт
2024-07-15,26.8,13923,почта,лето,0,Южный,опт
2024-07-16,7.2,13888,бот,лето,0,Уральский,розница
2024-07-17,41.0,12261,почта,лето,0,Южный,розница
2024-07-18,11.4,12341,бот,лето,0,Сибирский,розница
2024-07-19,9.8,13414,почта,лето,1,Сибирский,опт
2024-07-20,33.4,12358,бот,лето,1,Уральский,опт
2024-07-21,33.5,13502,бот,лето,0,Уральский,розница
2024-07-22,45.7,14231,почта,лето,0,Южный,розница
2024-07-23,28.4,12129,почта,лето,1,Южный,розница
2024-07-24,46.3,13439,бот,лето,1,Южный,опт
2024-07-25,49.0,14924,бот,лето,1,Южный,опт
2024-07-26,48.2,14131,почта,лето,1,Уральский,опт
2024-07-27,47.1,12917,почта,лето,1,Уральский,розница
2024-07-28,9.8,12386,бот,лето,0,Уральский,опт
2024-07-29,19.5,13598,бот,лето,0,Уральский,розница
2024-07-30,26.2,14093,бот,лето,1,Центральный,опт
2024-07-31,31.1,12282,почта,лето,0,Центральный,опт
2024-08-01,23.5,14370,почта,лето,1,Центральный,опт
2024-08-02,32.5,14078,бот,лето,1,Сибирский,опт
2024-08-03,49.3,13903,почта,лето,0,Уральский,розница
2024-08-04,14.6,12485,бот,лето,1,Сибирский,опт
2024-08-05,40.7,14702,почта,лето,1,Центральный,розница
2024-08-06,23.0,12931,почта,лето,1,Южный,опт
2024-08-07,49.7,12027,бот,лето,1,Центральный,опт
2024-08-08,33.0,13245,бот,лето,1,Южный,розница
2024-08-09,40.8,12639,почта,лето,0,Центральный,опт
2024-08-10,7.1,13713,бот,лето,0,Сибирский,опт
2024-08-11,22.5,13150,бот,лето,1,Сибирский,розница
2024-08-12,5.8,12979,бот,лето,0,Центральный,опт
2024-08-13,45.6,12605,бот,лето,1,Уральский,опт
2024-08-14,13.0,12150,бот,лето,0,Уральский,розница
2024-08-15,8.8,13022,почта,лето,0,Центральный,опт
2024-08-16,25.6,12021,бот,лето,0,Южный,розница
2024-08-17,27.2,14528,почта,лето,1,Южный,розница
2024-08-18,15.4,12482,бот,лето,0,Сибирский,опт
2024-08-19,28.7,12960,бот,лето,0,Уральский,опт
2024-08-20,12.0,12095,бот,лето,0,Уральский,опт
2024-08-21,10.0,12535,бот,лето,1,Уральский,розница
2024-08-22,8.4,13638,почта,лето,1,Южный,опт
2024-08-23,28.2,13760,почта,лето,0,Южный,опт
2024-08-24,17.5,13141,почта,лето,1,Центральный,опт
2024-08-25,17.6,13495,бот,лето,1,Уральский,розница
2024-08-26,26.3,13043,бот,лето,1,Сибирский,розница
2024-08-27,24.5,12234,бот,лето,0,Центральный,розница
2024-08-28,48.0,12694,бот,лето,1,Уральский,розница
2024-08-29,33.8,13241,бот,лето,0,Южный,розница
2024-08-30,40.4,14292,бот,лето,1,Южный,опт
2024-08-31,46.3,13461,почта,лето,0,Уральский,опт
2024-09-01,49.5,13234,бот,осень,0,Южный,опт
2024-09-02,11.9,13341,почта,осень,0,Центральный,розница
2024-09-03,33.2,12657,бот,осень,0,Центральный,опт
2024-09-04,42.5,13415,почта,осень,0,Уральский,розница
2024-09-05,48.0,12048,почта,осень,0,Южный,опт
2024-09-06,29.6,12856,бот,осень,1,Центральный,розница
2024-09-07,41.8,12602,почта,осень,0,Уральский,розница
2024-09-08,39.5,14099,почта,осень,1,Сибирский,розница
2024-09-09,48.3,13663,бот,осень,1,Южный,розница
2024-09-10,34.0,14420,бот,осень,0,Центральный,розница
2024-09-11,8.8,13535,почта,осень,0,Сибирский,опт
2024-09-12,38.8,14652,почта,осень,0,Уральский,опт
2024-09-13,8.5,14181,бот,осень,1,Южный,опт
2024-09-14,9.1,13160,бот,осень,0,Сибирский,розница
2024-09-15,27.9,14876,почта,осень,1,Уральский,розница
2024-09-16,49.2,13193,почта,осень,0,Сибирский,розница
2024-09-17,40.4,13044,бот,осень,1,Уральский,опт
2024-09-18,20.5,12149,бот,осень,1,Центральный,розница
2024-09-19,32.6,12478,почта,осень,0,Южный,розница
2024-09-20,9.1,13815,бот,осень,1,Уральский,опт
2024-09-21,16.6,14030,почта,осень,0,Центральный,опт
2024-09-22,39.7,12292,почта,осень,1,Южный,розница
2024-09-23,45.6,13678,бот,осень,0,Сибирский,опт
2024-09-24,12.0,14420,почта,осень,1,Сибирский,опт
2024-09-25,37.7,13543,бот,осень,0,Южный,опт
2024-09-26,29.5,14646,бот,осень,1,Центральный,розница
2024-09-27,27.0,12042,почта,осень,1,Уральский,розница
2024-09-28,44.9,14794,почта,осень,0,Южный,розница
2024-09-29,30.0,14063,бот,осень,1,Центральный,опт
2024-09-30,17.8,12004,почта,осень,1,Сибирский,опт
2024-10-01,38.7,12858,бот,осень,0,Уральский,опт
2024-10-02,29.2,12103,почта,осень,0,Уральский,розница
2024-10-03,9.3,12794,почта,осень,0,Южный,розница
2024-10-04,20.6,14415,бот,осень,0,Уральский,опт
2024-10-05,18.5,14374,бот,осень,0,Уральский,опт
2024-10-06,25.4,13290,почта,осень,1,Центральный,опт
2024-10-07,25.6,13081,бот,осень,0,Центральный,опт
2024-10-08,35.7,14658,почта,осень,0,Сибирский,опт
2024-10-09,39.5,13705,почта,осень,1,Южный,розница
2024-10-10,19.9,12109,почта,осень,1,Уральский,опт
2024-10-11,44.2,14719,почта,осень,0,Южный,опт
2024-10-12,44.2,13129,почта,осень,0,Центральный,опт
2024-10-13,7.8,12495,бот,осень,1,Уральский,опт
2024-10-14,18.9,13483,почта,осень,1,Центральный,опт
2024-10-15,18.7,14545,бот,осень,0,Уральский,розница
2024-10-16,38.7,14383,бот,осень,0,Южный,опт
2024-10-17,22.5,13999,почта,осень,0,Уральский,розница
2024-10-18,30.2,12816,почта,осень,0,Уральский,опт
2024-10-19,39.7,12587,бот,осень,1,Сибирский,розница
2024-10-20,35.6,14803,почта,осень,1,Уральский,розница
2024-10-21,31.1,13785,бот,осень,0,Уральский,опт
2024-10-22,13.3,14880,бот,осень,1,Уральский,розница
2024-10-23,33.2,14462,бот,осень,1,Сибирский,опт
2024-10-24,15.9,12616,бот,осень,0,Сибирский,розница
2024-10-25,27.8,12268,бот,осень,0,Южный,розница
2024-10-26,27.3,13164,бот,осень,1,Центральный,розница
2024-10-27,34.3,13930,бот,осень,1,Уральский,опт
2024-10-28,6.7,14496,почта,осень,1,Центральный,опт
2024-10-29,35.0,12597,бот,осень,1,Сибирский,розница
2024-10-30,27.1,13445,бот,осень,1,Уральский,опт
2024-10-31,39.4,12057,бот,осень,0,Сибирский,розница
2024-11-01,33.1,14336,бот,осень,0,Южный,опт
2024-11-02,23.1,12731,бот,осень,0,Центральный,опт
2024-11-03,7.9,14241,бот,осень,1,Сибирский,опт
2024-11-04,28.3,13586,бот,осень,1,Уральский,розница
2024-11-05,11.1,12346,почта,осень,0,Южный,опт
2024-11-06,41.1,12727,бот,осень,0,Уральский,опт
2024-11-07,26.2,12068,бот,осень,0,Южный,опт
2024-11-08,49.6,13663,почта,осень,0,Уральский,опт
2024-11-09,31.9,12935,бот,осень,0,Южный,розница
2024-11-10,22.8,12223,бот,осень,1,Уральский,розница
2024-11-11,41.1,12859,почта,осень,1,Центральный,розница
2024-11-12,17.2,14247,почта,осень,1,Центральный,опт
2024-11-13,49.1,13670,бот,осень,0,Сибирский,опт
2024-11-14,42.2,13642,бот,осень,0,Центральный,опт
2024-11-15,6.5,14063,почта,осень,1,Центральный,розница
2024-11-16,28.9,12878,почта,осень,1,Центральный,опт
2024-11-17,40.9,13991,почта,осень,1,Сибирский,опт
2024-11-18,48.1,14839,почта,осень,1,Уральский,опт
2024-11-19,13.5,12514,бот,осень,1,Сибирский,розница
2024-11-20,8.1,14995,бот,осень,0,Уральский,розница
2024-11-21,37.7,12153,бот,осень,0,Сибирский,опт
2024-11-22,12.7,13677,почта,осень,1,Уральский,розница
2024-11-23,20.4,14766,бот,осень,0,Уральский,опт
2024-11-24,25.2,14782,почта,осень,1,Сибирский,розница
2024-11-25,35.9,13113,бот,осень,1,Центральный,розница
2024-11-26,9.6,12448,почта,осень,0,Уральский,опт
2024-11-27,10.5,14292,бот,осень,0,Центральный,розница
2024-11-28,9.3,13430,почта,осень,1,Южный,розница
2024-11-29,41.1,12381,бот,осень,0,Южный,опт
2024-11-30,13.1,14881,бот,осень,0,Центральный,опт
2024-12-01,11.8,14217,почта,зима,0,Центральный,опт
2024-12-02,44.3,12096,почта,зима,0,Южный,опт
2024-12-03,14.4,13969,бот,зима,0,Сибирский,опт
2024-12-04,8.1,12814,бот,зима,0,Южный,опт
2024-12-05,13.1,14830,бот,зима,0,Южный,опт
2024-12-06,10.3,14941,бот,зима,0,Центральный,розница
2024-12-07,14.5,13950,бот,зима,1,Южный,розница
2024-12-08,18.4,12952,почта,зима,1,Южный,розница
2024-12-09,28.9,14298,бот,зима,0,Центральный,опт
2024-12-10,28.6,12680,бот,зима,0,Сибирский,опт
2024-12-11,21.0,13069,бот,зима,0,Центральный,розница
2024-12-12,13.5,13580,почта,зима,0,Сибирский,опт
2024-12-13,21.4,14991,почта,зима,1,Уральский,опт
2024-12-14,34.0,13245,почта,зима,0,Сибирский,розница
2024-12-15,31.3,14102,бот,зима,0,Центральный,опт
2024-12-16,48.5,12525,бот,зима,1,Южный,опт
2024-12-17,46.6,13226,почта,зима,1,Сибирский,розница
2024-12-18,30.7,12971,бот,зима,0,Сибирский,розница
2024-12-19,48.7,14616,бот,зима,0,Уральский,розница
2024-12-20,8.6,14016,почта,зима,1,Уральский,опт
2024-12-21,17.5,14648,бот,зима,1,Южный,опт
2024-12-22,15.9,13054,бот,зима,1,Центральный,розница
2024-12-23,47.7,12465,бот,зима,1,Уральский,опт
2024-12-24,38.2,13706,почта,зима,1,Уральский,розница
2024-12-25,28.8,12170,почта,зима,0,Центральный,розница
2024-12-26,42.7,14163,почта,зима,1,Центральный,опт
2024-12-27,41.1,13766,почта,зима,0,Уральский,розница
2024-12-28,42.5,12662,почта,зима,1,Центральный,опт
2024-12-29,19.6,13724,почта,зима,0,Южный,розница
2024-12-30,12.3,13919,бот,зима,1,Южный,розница
2024-12-31,8.4,13035,почта,зима,1,Центральный,опт
2025-01-01,13.5,14011,почта,зима,1,Сибирский,розница
2025-01-02,49.5,13328,почта,зима,1,Центральный,опт
2025-01-03,41.1,14236,бот,зима,0,Центральный,розница
2025-01-04,41.8,14580,бот,зима,1,Уральский,опт
2025-01-05,46.6,13670,бот,зима,0,Южный,опт
2025-01-06,35.4,13258,почта,зима,0,Южный,опт
2025-01-07,38.2,13042,бот,зима,0,Центральный,розница
2025-01-08,48.0,14424,бот,зима,0,Уральский,опт
2025-01-09,40.3,13440,почта,зима,0,Уральский,розница
2025-01-10,28.6,12160,почта,зима,0,Сибирский,розница
2025-01-11,5.4,14800,бот,зима,1,Южный,опт
2025-01-12,40.1,14906,бот,зима,1,Южный,опт
2025-01-13,25.0,14134,почта,зима,0,Южный,розница
2025-01-14,18.0,13780,почта,зима,1,Центральный,опт
2025-01-15,11.2,13887,бот,зима,0,Сибирский,розница
2025-01-16,34.5,12051,почта,зима,1,Сибирский,опт
2025-01-17,41.1,14881,почта,зима,1,Центральный,розница
2025-01-18,43.2,13397,почта,зима,0,Сибирский,опт
2025-01-19,12.7,13025,бот,зима,0,Сибирский,розница
2025-01-20,46.8,12089,почта,зима,0,Центральный,розница
2025-01-21,6.6,12817,бот,зима,1,Южный,розница
2025-01-22,49.9,14517,бот,зима,1,Центральный,опт
2025-01-23,12.3,12898,почта,зима,0,Сибирский,розница
2025-01-24,21.5,14792,бот,зима,0,Центральный,розница
2025-01-25,25.6,13596,почта,зима,1,Уральский,опт
2025-01-26,15.0,13311,бот,зима,0,Центральный,розница
2025-01-27,38.5,13062,бот,зима,1,Южный,опт
2025-01-28,30.1,12486,бот,зима,1,Южный,опт
2025-01-29,12.9,14183,почта,зима,1,Сибирский,розница
2025-01-30,18.0,13650,бот,зима,1,Сибирский,опт
2025-01-31,20.5,14540,бот,зима,0,Южный,опт
2025-02-01,32.3,14724,бот,зима,0,Центральный,опт
2025-02-02,15.6,12839,почта,зима,0,Уральский,опт
2025-02-03,19.2,12491,бот,зима,0,Центральный,опт
2025-02-04,7.4,14697,бот,зима,0,Сибирский,опт
2025-02-05,32.6,13462,бот,зима,0,Уральский,опт
2025-02-06,13.2,14405,бот,зима,0,Сибирский,розница
2025-02-07,46.5,12562,почта,зима,1,Уральский,опт
2025-02-08,44.7,13472,почта,зима,1,Южный,розница
2025-02-09,14.0,13454,бот,зима,1,Уральский,опт
2025-02-10,45.4,12314,бот,зима,1,Уральский,розница
2025-02-11,18.7,13044,бот,зима,1,Сибирский,опт
2025-02-12,42.3,12171,бот,зима,1,Уральский,опт
2025-02-13,31.1,12868,почта,зима,0,Центральный,опт
2025-02-14,34.2,13725,бот,зима,1,Сибирский,опт
2025-02-15,32.8,14751,почта,зима,1,Сибирский,опт
2025-02-16,9.3,14203,бот,зима,0,Южный,опт
2025-02-17,32.2,12805,почта,зима,1,Уральский,опт
2025-02-18,17.8,12906,бот,зима,1,Южный,розница
2025-02-19,6.8,13697,бот,зима,1,Южный,опт
2025-02-20,37.1,14966,бот,зима,1,Центральный,опт
2025-02-21,13.8,14752,бот,зима,0,Сибирский,опт
2025-02-22,5.6,14687,бот,зима,0,Уральский,опт
2025-02-23,15.3,12019,бот,зима,1,Уральский,опт
2025-02-24,5.5,12572,почта,зима,0,Уральский,опт
2025-02-25,12.8,13880,бот,зима,0,Сибирский,розница
2025-02-26,12.5,14331,бот,зима,1,Южный,опт
2025-02-27,20.4,12719,бот,зима,0,Южный,опт
2025-02-28,30.1,13272,бот,зима,1,Центральный,опт
2025-03-01,21.9,12990,бот,весна,1,Центральный,опт
2025-03-02,7.5,12344,бот,весна,0,Сибирский,опт
2025-03-03,49.2,14192,бот,весна,1,Сибирский,розница
2025-03-04,46.9,12589,бот,весна,1,Сибирский,опт
2025-03-05,20.4,14261,почта,весна,1,Южный,розница
2025-03-06,42.0,14056,почта,весна,0,Центральный,опт
2025-03-07,25.9,13445,почта,весна,1,Уральский,розница
2025-03-08,27.5,12329,почта,весна,0,Южный,розница
2025-03-09,46.1,13388,бот,весна,1,Центральный,розница
2025-03-10,29.1,13120,бот,весна,0,Сибирский,розница
2025-03-11,44.5,12196,почта,весна,0,Сибирский,розница
2025-03-12,25.8,12033,бот,весна,1,Уральский,опт
2025-03-13,8.4,12484,бот,весна,1,Сибирский,опт
2025-03-14,42.6,14408,бот,весна,1,Южный,опт
2025-03-15,21.3,14236,почта,весна,0,Центральный,розница
2025-03-16,17.5,12640,бот,весна,1,Сибирский,розница
2025-03-17,8.5,13115,почта,весна,0,Центральный,розница
2025-03-18,9.6,13115,бот,весна,1,Сибирский,розница
2025-03-19,44.0,14253,почта,весна,1,Центральный,розница
2025-03-20,18.3,14725,почта,весна,0,Южный,розница
2025-03-21,42.2,14522,бот,весна,0,Южный,опт
2025-03-22,40.1,12098,бот,весна,0,Южный,опт
2025-03-23,18.8,13844,бот,весна,1,Южный,опт
2025-03-24,35.0,12675,бот,весна,0,Сибирский,опт
2025-03-25,17.7,14857,почта,весна,0,Центральный,розница
2025-03-26,46.4,13891,почта,весна,1,Южный,опт
2025-03-27,33.2,13562,бот,весна,1,Южный,опт
2025-03-28,36.1,14508,почта,весна,1,Южный,опт
2025-03-29,12.1,13779,почта,весна,1,Уральский,опт
2025-03-30,15.8,13486,бот,весна,0,Центральный,розница
2025-03-31,25.7,12089,почта,весна,0,Уральский,опт
2025-04-01,25.7,12317,бот,весна,0,Сибирский,розница
2025-04-02,23.9,13719,бот,весна,1,Южный,розница
2025-04-03,17.3,13395,бот,весна,0,Сибирский,розница
2025-04-04,28.7,13187,бот,весна,1,Уральский,опт
2025-04-05,29.6,12123,почта,весна,1,Южный,розница
2025-04-06,22.4,12763,почта,весна,0,Южный,опт
2025-04-07,7.3,13000,бот,весна,1,Сибирский,розница
2025-04-08,36.6,14723,бот,весна,0,Южный,опт
2025-04-09,24.2,12594,почта,весна,0,Сибирский,опт
2025-04-10,28.1,12310,почта,весна,1,Центральный,опт
2025-04-11,36.7,14404,бот,весна,1,Южный,опт
2025-04-12,42.2,12189,почта,весна,1,Уральский,опт
2025-04-13,41.4,14288,бот,весна,0,Уральский,опт
2025-04-14,35.1,14930,почта,весна,1,Центральный,розница
2025-04-15,18.3,14998,бот,весна,0,Южный,розница
2025-04-16,7.8,12831,почта,весна,0,Уральский,опт
2025-04-17,11.4,14007,бот,весна,0,Южный,опт
2025-04-18,8.2,14604,почта,весна,1,Уральский,опт
2025-04-19,37.3,14582,почта,весна,1,Южный,опт
2025-04-20,38.1,14501,бот,весна,1,Сибирский,розница
2025-04-21,47.3,12812,бот,весна,1,Сибирский,опт
2025-04-22,14.9,12164,бот,весна,0,Южный,розница
2025-04-23,18.6,13433,почта,весна,1,Южный,розница
2025-04-24,26.4,12514,бот,весна,1,Уральский,опт
2025-04-25,45.3,12402,бот,весна,0,Сибирский,розница
2025-04-26,14.7,13288,почта,весна,1,Центральный,опт
2025-04-27,40.2,14771,бот,весна,0,Уральский,розница
2025-04-28,19.5,14644,почта,весна,0,Южный,розница
2025-04-29,24.3,12020,почта,весна,0,Южный,розница
2025-04-30,23.3,12894,почта,весна,1,Южный,опт
2025-05-01,8.1,12796,бот,весна,1,Центральный,опт
2025-05-02,15.2,14072,бот,весна,1,Уральский,розница
2025-05-03,24.8,14103,бот,весна,0,Сибирский,опт
2025-05-04,34.6,13847,почта,весна,0,Уральский,розница
2025-05-05,14.8,14326,почта,весна,1,Южный,розница
2025-05-06,8.1,12136,бот,весна,1,Сибирский,опт
2025-05-07,31.0,12943,бот,весна,1,Уральский,розница
2025-05-08,37.5,13410,бот,весна,1,Центральный,розница
2025-05-09,35.7,13482,бот,весна,1,Уральский,опт
2025-05-10,8.0,13285,бот,весна,0,Южный,опт
2025-05-11,38.3,14774,бот,весна,0,Уральский,опт
2025-05-12,27.1,12231,почта,весна,0,Сибирский,розница
2025-05-13,9.3,12626,бот,весна,1,Центральный,опт
2025-05-14,41.2,12912,почта,весна,0,Уральский,опт
2025-05-15,42.0,14246,бот,весна,0,Центральный,розница
2025-05-16,28.7,13528,бот,весна,0,Сибирский,опт
2025-05-17,21.8,12300,почта,весна,0,Уральский,розница
2025-05-18,26.7,14380,почта,весна,0,Уральский,опт
2025-05-19,39.3,13307,почта,весна,0,Сибирский,опт
2025-05-20,28.9,13991,почта,весна,1,Сибирский,опт
2025-05-21,36.4,14421,бот,весна,1,Уральский,опт
2025-05-22,14.9,12175,бот,весна,0,Сибирский,опт
2025-05-23,15.1,13447,почта,весна,0,Уральский,розница
2025-05-24,25.6,14266,почта,весна,1,Сибирский,розница
2025-05-25,44.4,13092,почта,весна,0,Уральский,розница
2025-05-26,6.5,14023,бот,весна,1,Южный,розница
2025-05-27,23.5,14189,бот,весна,0,Южный,опт
2025-05-28,28.6,13007,бот,весна,0,Южный,розница
2025-05-29,35.3,13228,бот,весна,1,Центральный,розница
2025-05-30,29.0,14914,почта,весна,0,Уральский,розница
2025-05-31,32.4,13348,бот,весна,1,Центральный,розница
2025-06-01,23.8,14822,почта,лето,0,Уральский,опт
2025-06-02,40.4,14884,почта,лето,1,Центральный,опт
2025-06-03,28.1,14530,бот,лето,1,Уральский,опт
2025-06-04,39.5,12548,бот,лето,1,Южный,опт
2025-06-05,34.0,14616,почта,лето,1,Уральский,розница
2025-06-06,6.3,14978,бот,лето,1,Южный,опт
2025-06-07,38.2,12405,почта,лето,0,Сибирский,опт
2025-06-08,13.8,14780,бот,лето,0,Уральский,опт
2025-06-09,31.9,12992,почта,лето,1,Центральный,опт
2025-06-10,21.5,13637,почта,лето,1,Южный,опт
2025-06-11,30.0,14410,почта,лето,0,Центральный,розница
2025-06-12,49.0,13161,почта,лето,1,Сибирский,опт
2025-06-13,46.0,13335,бот,лето,0,Уральский,розница
2025-06-14,42.7,12953,почта,лето,1,Южный,розница
2025-06-15,11.5,14569,почта,лето,1,Уральский,розница
2025-06-16,41.8,13524,бот,лето,1,Южный,опт
2025-06-17,23.4,12761,почта,лето,1,Южный,розница
2025-06-18,27.8,13928,почта,лето,1,Южный,опт
2025-06-19,42.1,14392,бот,лето,1,Центральный,розница
2025-06-20,14.1,13539,почта,лето,1,Сибирский,розница
2025-06-21,10.3,12400,бот,лето,0,Центральный,опт
2025-06-22,25.2,14812,почта,лето,1,Центральный,опт
2025-06-23,39.9,13882,бот,лето,1,Южный,розница
2025-06-24,35.3,12239,бот,лето,0,Сибирский,опт
2025-06-25,43.3,14389,бот,лето,0,Уральский,опт
2025-06-26,29.8,12431,бот,лето,1,Уральский,опт
2025-06-27,10.4,13931,бот,лето,0,Южный,розница
2025-06-28,39.3,12678,бот,лето,1,Сибирский,розница
2025-06-29,16.6,14842,бот,лето,0,Центральный,опт
2025-06-30,47.6,14881,бот,лето,0,Центральный,опт
2025-07-01,15.7,13662,почта,лето,0,Южный,опт
2025-07-02,43.1,14243,бот,лето,0,Уральский,опт
2025-07-03,20.7,12770,бот,лето,0,Уральский,опт
2025-07-04,38.8,14066,бот,лето,1,Южный,опт
2025-07-05,37.8,12037,бот,лето,1,Сибирский,опт
2025-07-06,32.8,13411,бот,лето,0,Центральный,розница
2025-07-07,18.8,13289,бот,лето,0,Сибирский,опт
2025-07-08,9.7,13867,бот,лето,0,Центральный,розница
2025-07-09,20.4,14919,почта,лето,1,Южный,опт
2025-07-10,8.3,12438,бот,лето,0,Сибирский,опт
2025-07-11,29.6,14600,почта,лето,1,Центральный,опт
2025-07-12,9.5,12415,бот,лето,0,Уральский,опт
2025-07-13,10.4,13440,почта,лето,0,Центральный,розница
2025-07-14,34.6,13621,почта,лето,0,Сибирский,опт
2025-07-15,29.0,12911,бот,лето,1,Уральский,розница
2025-07-16,9.2,13561,бот,лето,1,Уральский,розница
2025-07-17,25.1,13146,почта,лето,1,Уральский,опт
2025-07-18,38.8,13980,почта,лето,0,Центральный,розница
2025-07-19,12.6,14992,бот,лето,1,Центральный,розница
2025-07-20,27.6,14648,почта,лето,1,Центральный,розница
2025-07-21,28.4,14843,бот,лето,1,Сибирский,опт
2025-07-22,6.9,12560,бот,лето,1,Сибирский,опт
2025-07-23,40.8,12851,почта,лето,0,Южный,розница
2025-07-24,23.2,14275,почта,лето,0,Южный,розница
2025-07-25,37.0,12452,бот,лето,1,Центральный,опт
2025-07-26,8.2,14901,бот,лето,0,Центральный,опт
2025-07-27,20.3,12566,бот,лето,1,Центральный,опт
2025-07-28,45.5,13365,почта,лето,0,Уральский,опт
2025-07-29,41.0,12688,почта,лето,1,Южный,розница
2025-07-30,23.4,13866,почта,лето,0,Сибирский,опт
2025-07-31,32.5,12870,почта,лето,1,Южный,опт
2025-08-01,11.1,13938,бот,лето,0,Южный,опт
2025-08-02,31.9,14024,бот,лето,0,Южный,розница
2025-08-03,37.9,13498,бот,лето,0,Южный,розница
2025-08-04,43.3,13052,почта,лето,0,Южный,розница
2025-08-05,35.9,12435,почта,лето,0,Сибирский,опт
2025-08-06,27.1,13528,почта,лето,0,Центральный,опт
2025-08-07,37.5,14693,бот,лето,0,Сибирский,опт
2025-08-08,6.2,14941,почта,лето,1,Уральский,розница
2025-08-09,29.2,12465,почта,лето,1,Уральский,розница
2025-08-10,20.0,14541,бот,лето,0,Центральный,розница
2025-08-11,8.9,12973,почта,лето,1,Центральный,опт
2025-08-12,47.6,12747,бот,лето,0,Уральский,опт
2025-08-13,31.2,13151,почта,лето,1,Уральский,розница
2025-08-14,8.1,12464,почта,лето,0,Уральский,опт
2025-08-15,8.1,12070,бот,лето,1,Центральный,розница
2025-08-16,39.1,12416,бот,лето,0,Центральный,розница
2025-08-17,49.8,14527,бот,лето,0,Уральский,розница
2025-08-18,47.5,12545,почта,лето,0,Уральский,розница
2025-08-19,49.7,12115,бот,лето,1,Центральный,опт
2025-08-20,25.6,14844,бот,лето,0,Центральный,опт
2025-08-21,48.7,14515,бот,лето,1,Южный,опт
2025-08-22,42.0,13037,бот,лето,1,Южный,опт
2025-08-23,25.9,12489,почта,лето,0,Уральский,опт
2025-08-24,19.5,14291,бот,лето,1,Уральский,розница
2025-08-25,23.2,12395,почта,лето,0,Уральский,опт
2025-08-26,15.4,12172,бот,лето,0,Центральный,розница
2025-08-27,31.5,12585,почта,лето,0,Уральский,розница
2025-08-28,48.9,13270,бот,лето,1,Уральский,опт
2025-08-29,14.3,12496,почта,лето,1,Центральный,розница
2025-08-30,42.5,14477,бот,лето,1,Южный,розница
2025-08-31,31.6,13028,бот,лето,1,Южный,опт
2025-09-01,20.9,12317,бот,осень,0,Уральский,опт
2025-09-02,42.8,13544,почта,осень,1,Уральский,опт
2025-09-03,6.1,12202,бот,осень,1,Южный,опт
2025-09-04,27.2,13610,бот,осень,1,Уральский,опт
2025-09-05,33.7,13512,бот,осень,1,Сибирский,розница
2025-09-06,43.3,14739,почта,осень,1,Центральный,розница
2025-09-07,15.2,13530,почта,осень,1,Уральский,опт
2025-09-08,49.0,14291,бот,осень,0,Уральский,опт
2025-09-09,35.6,12467,почта,осень,0,Сибирский,опт
2025-09-10,8.1,13044,почта,осень,1,Южный,розница
2025-09-11,30.6,12103,бот,осень,1,Сибирский,опт
2025-09-12,46.0,12785,бот,осень,0,Центральный,опт
2025-09-13,25.2,12384,почта,осень,1,Уральский,розница
2025-09-14,25.0,14080,бот,осень,1,Уральский,розница
2025-09-15,21.7,14540,почта,осень,1,Южный,розница
2025-09-16,24.1,14035,почта,осень,0,Уральский,розница
2025-09-17,32.7,12569,бот,осень,1,Южный,розница
2025-09-18,38.9,12714,почта,осень,0,Сибирский,опт
2025-09-19,45.3,14448,почта,осень,0,Южный,розница
2025-09-20,39.1,13068,бот,осень,1,Центральный,розница
2025-09-21,25.8,12048,почта,осень,1,Уральский,опт
2025-09-22,34.1,13033,бот,осень,1,Южный,опт
2025-09-23,48.9,14364,бот,осень,1,Сибирский,розница
2025-09-24,28.9,13881,почта,осень,1,Центральный,розница
2025-09-25,14.0,14059,почта,осень,0,Уральский,розница
2025-09-26,8.9,14225,почта,осень,1,Сибирский,опт
2025-09-27,7.8,13926,бот,осень,1,Южный,розница
2025-09-28,40.0,13195,почта,осень,0,Сибирский,опт
2025-09-29,26.4,12115,бот,осень,0,Южный,розница
2025-09-30,36.1,14990,почта,осень,0,Центральный,опт
2025-10-01,48.9,13412,бот,осень,1,Уральский,опт
2025-10-02,24.1,12911,бот,осень,0,Сибирский,розница
2025-10-03,18.0,12807,почта,осень,0,Сибирский,розница
2025-10-04,8.1,13490,почта,осень,0,Сибирский,розница
2025-10-05,6.2,12674,бот,осень,0,Центральный,розница
2025-10-06,40.7,12666,бот,осень,1,Уральский,розница
2025-10-07,30.9,14465,почта,осень,0,Центральный,опт
2025-10-08,19.3,14060,бот,осень,0,Южный,розница
2025-10-09,13.3,12942,почта,осень,1,Южный,розница
2025-10-10,49.9,13968,бот,осень,1,Уральский,опт
2025-10-11,35.9,12666,бот,осень,0,Южный,опт
2025-10-12,16.8,14621,бот,осень,1,Уральский,опт
2025-10-13,47.8,13794,бот,осень,1,Уральский,опт
2025-10-14,44.0,14988,почта,осень,1,Уральский,розница
2025-10-15,25.7,12415,почта,осень,0,Сибирский,розница
2025-10-16,49.0,13619,почта,осень,0,Южный,розница
2025-10-17,39.0,13856,почта,осень,0,Центральный,розница
2025-10-18,11.6,13879,почта,осень,0,Сибирский,розница
2025-10-19,18.4,13488,бот,осень,1,Сибирский,розница
2025-10-20,32.5,13007,бот,осень,0,Сибирский,опт
2025-10-21,25.9,13377,почта,осень,1,Уральский,опт
2025-10-22,7.0,12140,бот,осень,1,Центральный,розница
2025-10-23,34.7,12485,почта,осень,1,Центральный,розница
2025-10-24,32.7,13014,бот,осень,0,Центральный,опт
2025-10-25,31.4,13641,бот,осень,0,Сибирский,опт
2025-10-26,35.6,13704,бот,осень,1,Сибирский,опт
2025-10-27,36.6,13731,бот,осень,0,Уральский,розница
